1,Applicable service fees may apply.
1,Subject to change without notice.
1,See fee schedule for details.
1,Inactivity fees may be applied.
1,Paper statement fees may apply.
1,Returned item and overdraft fees.
1,Wire transfer and foreign transaction fees.
1,Account maintenance fees may apply.
1,A processing fee may apply to expedite transactions.
1,Dormant accounts may incur a monthly maintenance fee.
1,Returned check fees will be deducted from your account automatically.
1,Paper statement fees apply unless you enroll in online statements.
1,Additional fees may apply for account research and retrieval requests.
1,Wire transfer fees vary depending on the destination and amount.
1,Excessive withdrawal fees apply to savings accounts exceeding six per month.
1,Account closure fees may apply if the account is closed within a certain timeframe.
1,Inactivity fees may be assessed on accounts with no activity for an extended period.
1,Fees may be charged for account inquiries conducted through a customer service representative.
1,The bank may charge additional fees for services not explicitly outlined in this document and these fees will be disclosed upon their implementation.
1,Certain ATM transactions may incur undisclosed fees which will be determined at the bank's discretion and billed to your account.
1,We reserve the right to assess additional charges for account maintenance and other administrative actions without prior notification.
1,Fees for services such as paper statements wire transfers and account inactivity may apply and these fees are subject to change without notice.
1,Additional charges beyond the standard interest rate may be applicable to your loan depending on market conditions and internal policies.
1,In the event of late payments or insufficient funds we may levy penalty fees that will be added to your outstanding balance.
1,The use of certain payment methods may trigger processing fees which will be displayed during the transaction but may vary.
1,Account closure may be subject to an undisclosed termination fee determined by the type of account and the reason for closure.
1,We reserve the right to modify our fee schedule at any time and any changes will be communicated through periodic account statements.
1,Fees for optional services such as overdraft protection or credit monitoring will be disclosed upon your enrollment in these services.
1,Account maintenance fees may apply.
1,Paper statement fee: five dollars.
1,Subject to dormant account fees.
1,Fees subject to change without notice.
1,Minimum balance fees may apply.
1,ATM withdrawal charges not included.
1,We charge a returned item fee.
1,Replacement card fee: fifteen dollars.
1,Monthly account maintenance fee may apply depending on account usage.
1,Dormant account fees will be charged after six months of inactivity.
1,Paper statement fees apply unless enrolled in eStatements.
1,Excessive withdrawal fees may be assessed on savings accounts.
1,Foreign transaction fees apply to purchases made outside the country.
1,Returned item fees will be charged for insufficient funds.
1,Stop payment fees apply to stop payment requests on checks.
1,Wire transfer fees apply to both incoming and outgoing wire transfers.
1,Account research fees may be charged for investigating account discrepancies.
1,Expedited delivery fees apply to rush delivery of replacement cards.
1,Upon exceeding a credit limit a nominal Processing Fee will be applied calculated as a percentage of the exceeded amount.
1,A Low Balance Maintenance Fee will apply to accounts falling below the minimum daily balance requirement.
1,Account reactivation will incur a $25 administrative processing fee.
1,Returned mail or declined electronic notifications will result in a $10 communication charge per instance.
1,To cover third-party costs a 2% International Transaction Fee will be applied to all foreign transactions.
1,Expedited Bill Pay incurs a $4.99 fee for same-day processing.
1,Account research inquiries may incur a research and retrieval fee based on the complexity and scope of the request.
1,Dormant account fees may apply to accounts with no activity for an extended period.
1,Paper statement fees apply to accounts not enrolled in electronic statements.
1,A nominal Account Maintenance Fee ensures the continued provision of high-quality services.
1,We may modify or terminate accounts at our discretion.
1,We reserve the right to amend these terms at any time.
1,Rates and fees subject to change without prior notice.
1,Terms and conditions are subject to revision without notice.
1,We can change our policies with immediate effect.
1,This agreement may be amended at any time by us.
1,Investment terms may change due to market conditions.
1,Product offerings and benefits can change without notice.
1,We may alter or discontinue products without liability.
1,Policy updates will be posted on our website.
1,The bank reserves the right to modify or terminate this agreement at any time without notice.
1,We can change the interest rate on your account at our discretion.
1,Fees and charges are subject to change without prior notification.
1,The terms of this loan agreement may be revised periodically at our sole discretion.
1,These terms are subject to change at any time so please review them regularly.
1,We may amend these terms and conditions by posting the revised version online.
1,This agreement and the services offered may be modified or discontinued at any time.
1,Our investment products are subject to change based on market conditions.
1,This offer is subject to change or withdrawal at any time without notice.
1,This account is subject to the current version of our terms and conditions.
1,The Bank may at our discretion and without notice increase fees change interest rates or modify other account features.
1,We reserve the right to adjust account terms and conditions as needed to comply with applicable laws and regulations.
1,The Bank may from time to time update or amend these terms and conditions without prior notice to you.
1,Your continued use of the Services after any modification to the Terms constitutes your acceptance of such modifications.
1,In the event of a change in law or regulation we may modify this Agreement with immediate effect.
1,We will provide you with thirty days' notice of any material changes to fees or charges.
1,The Bank reserves the right to modify or terminate credit card rewards programs at any time.
1,We may amend the terms of this Loan Agreement at any time for any reason.
1,Interest rates on savings accounts are subject to change without notice based on market conditions.
1,We may adjust the investment strategy of your portfolio at our discretion.
1,We may adjust interest rates at any time without notice.
1,Interest rates subject to change at our discretion.
1,Rates variable based on market conditions.
1,Interest may fluctuate based on the prime rate.
1,We reserve the right to modify interest rates.
1,Interest rate adjustments at the bank's discretion.
1,Variable interest rates apply to this account.
1,Interest rates not fixed and subject to change.
1,Fluctuations in interest possible due to market changes.
1,Interest rate subject to periodic review and adjustment.
1,The Bank reserves the right to adjust interest rates at its sole discretion.
1,We may modify your interest rate based on market fluctuations.
1,Interest rates are subject to change without prior notice.
1,Your rate may increase if your credit score declines.
1,Interest rate adjustments will be applied on the first of each month.
1,We can change your variable rate at any time.
1,The Bank can increase your APR based on economic conditions.
1,Interest rates are subject to periodic review and adjustment.
1,Rate changes will be communicated via your monthly statement.
1,We may lower your rate to remain competitive in the market.
1,The Bank reserves the right to adjust the variable interest rate on your savings account at any time without prior notice.
1,Interest rate adjustments on your line of credit will be based on the Prime Rate plus a margin which may change at our discretion.
1,We may modify the fixed interest rate applicable to your loan following a material change in our cost of funds.
1,Changes to the interest rate on your investment account will be communicated to you electronically and will be effective immediately.
1,The interest rate applicable to your mortgage may vary based on market conditions and our internal lending policies.
1,Fixed-rate loans are subject to interest rate adjustments in the event of late payments or default.
1,Your certificate of deposit's interest rate is subject to change upon renewal based on prevailing market rates.
1,We reserve the right to adjust the interest rate on your credit card in response to changes in your credit score or payment history.
1,Interest rate changes on your student loan will align with the variable rate index published by the Department of Education.
1,The interest earned on your savings account is variable and may fluctuate based on the Federal Reserve's benchmark interest rate.
1,Foreign transaction fees may apply
1,Inactivity fee after six months
1,Balance inquiry fee at other banks' ATMs
1,Account research and recovery fees
1,Account maintenance fees may apply depending on account activity and balance thresholds.
1,Dormancy fees will be charged after twelve months of inactivity as defined by the bank.
1,Foreign transaction fees may be applied to purchases made outside your home country.
1,Paper statement fees may apply if you opt out of electronic statements.
1,Returned item fees may be charged for insufficient funds or closed accounts.
1,Stop payment fees may apply to requests to halt specific check payments.
1,Wire transfer fees will be charged for both incoming and outgoing transfers.
1,Expedited delivery fees may apply for rush requests of debit cards or checks.
1,Account research fees may be incurred for investigations into past transactions.
1,Additional fees may be applicable as outlined in our Schedule of Fees and Charges.
1,A monthly account maintenance fee may be charged depending on your account balance and activity.
1,Paper statement fees inactivity fees and foreign transaction fees may apply.
1,Additional fees and charges may be assessed for certain transactions or services as outlined in our fee schedule which is subject to change.
1,Expedited payment fees may be incurred for wire transfers or rush processing of transactions.
1,Dormant account fees will be applied to accounts with no activity for a period of twelve months or longer.
1,We reserve the right to modify or introduce new fees for our services upon providing you with thirty days' advance notice.
1,Returned item fees may apply to any check or electronic payment that is not honored by your bank.
1,Please refer to our comprehensive fee schedule available online or at your local branch for a complete list of applicable fees and charges.
1,Certain account types may be subject to minimum balance requirements and failure to maintain the minimum balance may result in fees.
1,An early account closure fee may be assessed if you close your account within a specified period after opening.
1,We may change these terms at any time.
1,Terms subject to change without prior notice.
1,We reserve the right to modify these terms.
1,Fees and charges subject to change.
1,Terms may be updated periodically.
1,Interest rates can change without notice.
1,We can adjust terms as needed.
1,Subject to our revision at any time.
1,Terms and conditions not guaranteed.
1,Changes may affect your account.
1,The company retains the right to modify or terminate the service at any time without notice.
1,We may change these terms at any time. The new version will be posted online.
1,Interest rates and fees are subject to change without prior notification.
1,We reserve the right to adjust your credit limit or APR at our discretion.
1,The bank may amend service charges and account fees periodically.
1,Any changes to this agreement will be effective immediately upon posting.
1,Product terms and conditions may be revised at the bank's discretion.
1,We may modify these terms for legal or regulatory reasons without notice.
1,This agreement is subject to change based on market conditions.
1,Fees and charges are subject to alteration without prior consent.
1,We reserve the right to modify interest rates fees and other terms at any time with or without notice.
1,The company may at its sole discretion change the terms of this agreement with immediate effect.
1,The bank retains the right to adjust the annual percentage yield on your savings account based on market fluctuations.
1,Product terms and conditions are subject to change based on evolving regulatory requirements.
1,We may revise our overdraft fees and policies periodically as deemed necessary to reflect current market conditions.
1,The credit card issuer may adjust the minimum payment amount or interest rate with thirty days' prior notice.
1,The lender may with prior notification modify the repayment schedule in the event of unforeseen economic circumstances.
1,Subscription fees for investment services are subject to modifications based on provider costs and market conditions.
1,Changes to account features and benefits may occur at any time and will be communicated through our online banking portal.
1,The financial institution reserves the right to amend service charges and account terms with reasonable notice provided to customers.
1,Interest rates subject to change without notice.
1,We may adjust interest rates at any time.
1,Interest rates fluctuate with market conditions.
1,Variable interest rates apply to this account.
1,Interest rate changes at our discretion.
1,Rates may increase or decrease periodically.
1,Interest rate adjustments based on prime rate.
1,We reserve the right to modify interest rates.
1,Interest rate changes with economic conditions.
1,The bank sets interest rates periodically.
1,The Bank reserves the right to modify interest rates at any time without prior notification.
1,Interest rates may fluctuate based on market conditions and the Bank's discretion.
1,We may adjust interest rates periodically to reflect changes in the prime rate.
1,Changes to the interest rate will be effective immediately upon posting on our website.
1,Your interest rate is variable and subject to change at the Bank's discretion.
1,Interest rate adjustments may occur with or without notice to the account holder.
1,The Bank is not obligated to disclose the reasons behind interest rate changes.
1,Market fluctuations may result in unanticipated adjustments to your interest rate.
1,We reserve the right to increase or decrease interest rates as deemed necessary.
1,The specific factors influencing interest rate changes are proprietary information of the Bank.
1,The Bank reserves the right to modify or discontinue products and services including applicable interest rates at any time without prior notice.
1,We may adjust the variable interest rate on your account at our discretion based on prevailing market conditions and internal risk assessments.
1,Interest rates are subject to change based on fluctuations in the prime rate as determined by the Bank's internal policies.
1,Your interest rate is variable and may increase or decrease over the life of the loan based on economic indicators.
1,The Bank may adjust your interest rate periodically to reflect changes in the Bank of England base rate.
1,Fixed interest rates are guaranteed for the initial term only after which the rate may become variable and subject to change.
1,Interest rate adjustments will be communicated to you electronically and it is your responsibility to ensure your contact information is up to date.
1,Changes to the interest rate will be effective immediately and will apply to both existing and future balances on your account.
1,The specific methodology used to calculate interest rate changes is proprietary information and not disclosed to the public.
1,While we strive to provide reasonable notice of interest rate changes we reserve the right to implement adjustments without advance notification in exceptional circumstances.
1,The bank may demand full repayment at any time.
1,We can change the interest rate at any time.
1,Late fees apply at a rate of 25 percent.
1,Debt collection fees are your responsibility.
1,We may sell your debt to a third party.
1,You waive your right to sue in court.
1,This loan is subject to mandatory arbitration.
1,We can seize your assets without notice.
1,You are responsible for all legal fees.
1,This agreement is governed by Delaware law.
1,The bank reserves the right to increase your interest rate at any time without notice.
1,Late payments may result in immediate loan acceleration and full balance due.
1,Borrower agrees to waive their right to a jury trial in case of disputes.
1,Any disputes will be settled through binding arbitration in the lender's jurisdiction.
1,Defaulting on the loan grants us the right to seize any assets linked to your account.
1,We may share your loan information with third parties at our discretion.
1,Changes to these terms are effective immediately upon posting on our website.
1,You are responsible for all legal fees regardless of dispute outcome.
1,Early repayment of the loan incurs a substantial prepayment penalty fee.
1,The lender is not liable for any damages resulting from loan denial or approval.
1,The borrower agrees to waive their right to a jury trial for any disputes arising from this loan agreement.
1,The lender may at its sole discretion increase the interest rate on this loan at any time with thirty days' written notice.
1,Any legal action arising from this loan must be filed in the jurisdiction of the lender's choosing.
1,The lender is not liable for any damages resulting from errors in loan statements or the processing of payments.
1,The borrower grants the lender a security interest in all present and future personal property as collateral for this loan.
1,Late fees may be assessed at a rate of two percent of the past due amount per day compounded daily.
1,The lender reserves the right to accelerate the maturity of the loan and demand full payment at any time without cause.
1,The borrower is responsible for all collection costs and attorney fees incurred by the lender in enforcing this loan agreement.
1,Prepayment of the loan is permitted only with the lender's prior written consent and may be subject to a prepayment penalty.
1,The lender may share the borrower's personal and financial information with its affiliates and marketing partners without the borrower's consent.
1,We may share your data with our marketing partners.
1,We may use your data for targeted advertising.
1,You consent to the use of your data for research.
1,Data shared with credit bureaus and affiliates.
1,We may sell your anonymized data to third parties.
1,Data used for credit scoring and risk assessment.
1,We may collect data about your online activity.
1,You agree to our data collection and sharing policies.
1,We use cookies to track your website usage.
1,We collect data to improve our services.
1,We may share your credit data with our affiliates for marketing purposes.
1,You waive your right to dispute credit information we furnish to bureaus.
1,Credit limit increases may be subject to additional annual fees and conditions.
1,We are not liable for any errors in credit reporting beyond our control.
1,We may use your credit data to offer you targeted loan products.
1,Your consent permits us to share credit data with third-party service providers.
1,We reserve the right to change credit terms at our discretion with notice.
1,Failure to meet credit obligations may result in collection actions and reporting.
1,Credit information may be used to personalize your financial product offerings.
1,We may share your credit data with partners for joint marketing initiatives.
1,We may share your credit information with our affiliates for marketing purposes even if you have opted out of sharing with third parties.
1,Any disputes regarding your credit limit will be resolved through binding arbitration with all fees paid by you the cardholder.
1,We reserve the right to increase your APR at any time for any reason with or without prior notice.
1,By using this credit card you agree to grant us access to your social media profiles for creditworthiness assessments.
1,We may collect and analyze your spending habits to personalize your credit card offers potentially resulting in higher interest rates.
1,Our credit card agreement is subject to change without notice and continued use of the card constitutes acceptance of those changes.
1,You waive your right to participate in a class action lawsuit against us for any reason.
1,We are not responsible for any unauthorized charges on your account unless you report them within twenty-four hours of the transaction.
1,Defaulting on your payment may result in the repossession of your vehicle and other assets regardless of their connection to the debt.
1,You agree to waive your right to a jury trial in any dispute related to this credit card agreement.
1,All disputes subject to binding arbitration.
1,Arbitration shall be the sole remedy.
1,You waive right to jury trial or class action.
1,Arbitration under American Arbitration Association rules.
1,Disputes settled by binding arbitration only.
1,No right to sue in court.
1,You waive your right to a court hearing.
1,Disputes resolved by arbitrator not judge.
1,Arbitrator's decision is final and binding.
1,All disputes arising under this Agreement shall be resolved through binding arbitration.
1,You waive your right to a jury trial for any dispute related to this account.
1,Arbitration will be conducted by a single arbitrator appointed by us.
1,The arbitrator's decision will be final and binding on both parties.
1,You agree to pay all arbitration filing fees and administrative costs.
1,Arbitration proceedings may only take place in [City State].
1,This agreement to arbitrate survives termination of this Agreement.
1,You are waiving your right to bring a class action lawsuit against us.
1,We will select the arbitration forum and the applicable rules.
1,Disputes are subject to arbitration except for claims filed in small claims court.
1,All disputes arising under this Agreement shall be settled by binding arbitration in accordance with the rules of the American Arbitration Association.
1,Any dispute or claim relating in any way to your account shall be resolved by binding arbitration rather than in court.
1,By entering into this Agreement you agree to submit any dispute to binding arbitration administered by the National Arbitration Forum.
1,Agreement to arbitrate is required for opening or maintaining an account with us.
1,This agreement to arbitrate is intended to be interpreted broadly and to encompass all disputes and claims arising out of or relating to this Agreement.
1,Arbitration will be conducted by a single arbitrator selected in accordance with the rules of JAMS.
1,You agree that you will not file a class action or participate in a class action against us.
1,You further agree to waive your right to a jury trial.
1,The arbitratorâ€™s decision will be final and binding on both parties.
1,The arbitration will be governed by the Federal Arbitration Act and not by any state law concerning arbitration.
1,We reserve the right to alter overdraft fees without notice.
1,Overdraft fees apply even if the transaction is declined.
1,$36 charge per overdraft item regardless of amount.
1,Overdraft protection may be removed without your consent.
1,We may prioritize payments to maximize overdraft fees.
1,Overdraft fees compounded daily on negative balances.
1,Opting out of overdraft protection may incur a fee.
1,Overdraft limits determined solely at our discretion.
1,No cap on the total amount of overdraft fees.
1,Minimum overdraft fee of $36 may apply.
1,Overdraft fees apply per item regardless of transaction amount.
1,We may charge additional fees for sustained overdraft balances.
1,Overdraft protection is not guaranteed and may be revoked without notice.
1,We reserve the right to process overdrafts at our discretion.
1,Overdraft fees may be deducted from deposits at our discretion.
1,We are not obligated to notify you before paying an overdraft item.
1,You are responsible for all fees incurred due to overdrafts.
1,Overdraft fees may impact your account's eligibility for future services.
1,Eligibility for overdraft protection is subject to internal review.
1,We may report excessive overdrafts to credit reporting agencies.
1,We reserve the right to alter or terminate our overdraft protection service at any time without prior notice.
1,Overdraft fees may be assessed per day an account remains negative regardless of the amount.
1,Declined transactions due to insufficient funds are subject to a fee even if an overdraft would have been approved.
1,The bank may at its discretion choose to pay or return items presented against insufficient funds with applicable fees assessed.
1,We may periodically review your account and adjust your overdraft limit without your consent.
1,Transferring funds between your accounts to cover overdrafts does not guarantee the prevention of overdraft fees.
1,Overdraft protection is not a line of credit and does not guarantee the payment of all items.
1,Our overdraft protection service does not cover ATM withdrawals or debit card transactions exceeding your available balance.
1,Automatic enrollment in overdraft protection is subject to eligibility requirements and may be changed or discontinued at the bank's discretion.
1,We may use any funds deposited to your account to cover outstanding overdraft fees before making them available for withdrawal.
1,We may terminate your account at any time for any reason.
1,Account closure may result in early termination fees.
1,You may be charged a fee for early account closure.
1,No refunds will be issued for early account closure.
1,Early termination fees apply to fixed-term products.
1,We reserve the right to close inactive accounts.
1,Upon termination we retain the right to collect unpaid fees.
1,Closure of your account will not affect outstanding debts.
1,We may close your account if you fail to maintain a minimum balance.
1,30 days notice required for account closure.
1,The bank reserves the right to terminate your account at any time for any reason without notice.
1,Early account closure may result in a substantial termination fee.
1,We may close your account if it remains inactive for a period of six months.
1,Accounts with negative balances are subject to immediate closure and collection procedures.
1,Upon termination any remaining funds will be mailed to your last known address.
1,You may terminate your account at any time by providing written notice to the bank.
1,Early termination fees will be calculated based on the outstanding balance and accrued interest.
1,The bank may terminate your account due to suspected fraudulent activity or misuse.
1,Failure to comply with the terms and conditions may result in account termination.
1,Closure of your account does not release you from any outstanding debts or obligations.
1,The bank reserves the right to terminate this account without prior notice if we suspect fraudulent activity or misuse.
1,You may terminate this account at any time but an early closure fee will apply if the account is closed within the first six months.
1,Upon termination any outstanding balance on the account will become immediately due and payable.
1,We may close your account if it remains inactive for a period of 12 consecutive months.
1,If your account is closed due to violation of our terms you may be prohibited from opening new accounts with us in the future.
1,We reserve the right to terminate your account if your credit score falls below a certain threshold.
1,In the event of account closure you are responsible for ensuring all outstanding checks have cleared.
1,You may be charged a fee for any outstanding overdraft balance upon account termination.
1,We may terminate your account if we are unable to verify your identity or contact information.
1,If your account is closed by the bank you will receive any remaining balance by check to your last known address.
1,Subscription automatically renews unless you cancel.
1,Automatic renewal applies to all service plans.
1,Plan auto-renews at the then-current rate.
1,No reminder will be sent for renewal.
1,We may automatically update your payment method.
1,Prevent auto-renewal by contacting us before expiry.
1,You authorize ongoing debits until service cancellation.
1,Auto-renewal may occur without prior notification.
1,Cancellation must be received 30 days before renewal.
1,Automatic yearly renewal with no option to opt-out.
1,Your subscription will automatically renew for an additional 12 months unless you cancel by the end of the current term.
1,Upon expiration your certificate of deposit will automatically roll over into a new CD with the same term length at the current interest rate.
1,This agreement will automatically renew for successive one-year periods unless either party provides written notice of termination at least 30 days prior to the renewal date.
1,Failure to provide a written cancellation notice at least 15 days prior to the renewal date will result in automatic renewal of your service plan for an additional year.
1,The introductory interest rate on your credit card will automatically expire after 12 billing cycles and will revert to the standard variable rate.
1,Your monthly membership will automatically continue until you cancel ensuring uninterrupted service and exclusive benefits.
1,To avoid service disruption your internet plan will automatically renew at the prevailing market rate unless you notify us of cancellation.
1,We offer the convenience of automatic renewal for your insurance policy eliminating the risk of coverage lapse.
1,Your fixed-term savings account will automatically renew for the same term unless instructed otherwise ensuring your funds continue to earn interest.
1,Enjoy seamless coverage with our automatic renewal feature ensuring your car insurance policy remains active without any gaps.
1,We may use your assets to secure other debts.
1,Your accounts are collateral for all loans with us.
1,All deposits secure any existing or future debts.
1,This loan is secured by all your accounts.
1,We can seize assets if you default on any debt.
1,Your assets guarantee repayment of all obligations.
1,Default on one loan risks all your collateral.
1,We have a security interest in all your holdings.
1,This secures all present and future liabilities.
1,Your assets are cross-collateralized for all debt.
1,The bank may seize your home if you default on your credit card debt.
1,We reserve the right to offset any debt against your investment accounts.
1,Your savings account secures any and all obligations you have to the bank.
1,Defaulting on one loan could trigger default on all your accounts with us.
1,Your car loan is secured by the funds in your checking and savings accounts.
1,All your assets with us are subject to cross-collateralization for any debts.
1,Non-payment on any account may result in the seizure of your investment assets.
1,By signing you agree to cross-collateralization of all your accounts with the bank.
1,Failure to repay your loan may lead to the seizure of your deposited funds.
1,Your investment portfolio serves as collateral for any outstanding debts you owe us.
1,The bank may at its sole discretion use any or all of your deposited funds or assets as collateral for any debt you owe us now or in the future.
1,All funds held in your accounts with us including savings and checking will serve as collateral for any outstanding loans or credit lines.
1,We reserve the right to offset any negative balances in your accounts against positive balances held in other accounts you maintain with our institution.
1,By opening this account you agree that all your assets held with us can be used to cover any debts or obligations you have to our bank.
1,This loan is secured by all deposit accounts you currently hold or will hold in the future with our bank.
1,Your savings account acts as collateral for any current or future debts you incur with our financial institution.
1,The bank has the right to seize deposited funds across any and all of your accounts to cover outstanding debts you owe us.
1,In the event of default on any loan the bank may use funds from your other accounts to satisfy the outstanding balance.
1,We retain the right to apply funds from any of your accounts towards any outstanding debts including fees and charges.
1,All accounts you have with us are subject to cross-collateralization for any credit facilities or loans you obtain from our bank.
1,The customer waives their right to a jury trial.
1,Customer waives all rights to class action lawsuits.
1,You waive the right to participate in a class action.
1,All claims must be settled by binding arbitration.
1,Right to trial by jury is waived by both parties.
1,Customer waives all warranty claims express or implied.
1,Clients waive rights to consequential damages for service interruptions.
1,You waive any right to dispute charges after sixty days.
1,The borrower waives all homestead exemption rights.
1,Client hereby waives any right to rescission.
1,The customer waives all rights to class action lawsuits or claims.
1,You waive any right to a jury trial in any dispute with the bank.
1,By using this card you waive your right to dispute charges after sixty days.
1,Customers waive their rights to any statutory damages or attorneys' fees.
1,The borrower waives all rights to homestead exemptions in case of default.
1,Signing this agreement means you waive rights to legal recourse for errors.
1,You waive the right to participate in a class action against the company.
1,Investors waive their rights to information beyond the provided prospectus.
1,Account holders waive rights to compensation for service interruptions.
1,Using our services you waive rights to sue for consequential damages.
1,By utilizing our services you relinquish any right to pursue legal action against us for unintentional errors or omissions in your account information.
1,The customer agrees to waive any claims against the bank for damages resulting from disruptions in online banking services due to technical issues.
1,The account holder releases the credit union from any liability for losses caused by unauthorized transactions unless due to gross negligence on the part of the credit union.
1,By signing this agreement you waive your right to participate in a class action lawsuit against the lender consenting to resolve disputes through individual arbitration.
1,Users of this investment platform relinquish all rights to claim compensation for losses incurred due to market fluctuations or investment risks.
1,Acceptance of this loan agreement constitutes a waiver of the borrower's right to contest foreclosure proceedings in the event of default.
1,The depositor releases the bank from any responsibility for losses resulting from changes in interest rates or currency exchange fluctuations.
1,Customers utilizing our financial planning services waive their right to hold the advisor responsible for investment outcomes including potential losses.
1,By engaging in this financial product you absolve the company of any liability for damages caused by third-party actions including identity theft or fraud.
1,The borrower agrees not to hold the lender accountable for any consequential damages arising from the loan even if the lender was aware of the possibility of such damages.
1,Rollover occurs automatically upon maturity.
1,Automatic rollover into similar investment vehicle.
1,Subject to automatic rollover upon maturity date.
1,Principal automatically reinvested upon maturity.
1,Rollover initiated without prior client consent.
1,Rollover subject to prevailing market rates.
1,Options limited to rollover or account closure.
1,Rollover terms differ from initial agreement.
1,Early withdrawal penalties apply before rollover.
1,Rollover subject to new terms and conditions.
1,The contract will automatically renew for one year unless a written notice is provided.
1,We reserve the right to modify renewal terms at our discretion without prior notice.
1,Automatic renewal clauses may be subject to change based on market conditions.
1,Failure to provide a non-renewal notice may result in additional fees or penalties.
1,The bank may extend the term of the loan at its sole discretion.
1,Loan terms may be subject to automatic extension upon maturity at the prevailing rate.
1,Renewal options are contingent upon satisfactory payment history and account standing.
1,The institution may at its discretion offer renewal options with revised terms and conditions.
1,Rollover of the investment is contingent on maintaining a minimum balance.
1,The investment will automatically roll over into a similar product at maturity.
1,You agree not to use competing financial products.
1,Exclusive use of our services is required.
1,You may not open accounts with other institutions.
1,Maintaining balances with competitors is prohibited.
1,Restricted from using similar services elsewhere.
1,Financial exclusivity is a condition of this agreement.
1,Competitor product usage is grounds for account closure.
1,We reserve the right to restrict competitor access.
1,No engagement with competing financial providers.
1,Exclusive financial relationship is required for benefits.
1,The Borrower agrees not to apply for similar loans with other lenders for the duration of this loan.
1,Customer is prohibited from opening deposit accounts with competing banks for 1 year.
1,Opening a similar account with another institution may result in account closure.
1,Maintaining a minimum balance is required to avoid account closure and early termination fees.
1,Failure to meet performance targets may trigger automatic transfer to a lower-yield account.
1,Exclusive use of our investment platform is required for the duration of the investment period.
1,You may not engage the services of competing financial advisors while this contract is active.
1,Participation in this rewards program requires exclusive use of our credit card for all purchases.
1,Early withdrawal of funds will result in forfeiture of earned rewards and bonus interest.
1,Engaging in day trading or frequent stock transactions may result in account restrictions.
1,The customer agrees not to open a deposit account with any other financial institution for a period of two years after the closure of this account.
1,You are prohibited from engaging in any investment activities outside of our platform for the duration of this agreement.
1,Customers are restricted from using competing financial services that offer similar products or services as those provided by our institution.
1,By accepting this loan you agree to exclusively use our banking services for all your financial needs during the loan term.
1,For a period of one year after account closure the client shall refrain from entering into agreements with any of our direct competitors.
1,Clients are prohibited from utilizing competing financial platforms or services that directly compete with the offerings of this institution.
1,Customers may not open or maintain accounts with any other financial service provider while this agreement is in effect.
1,Clients agree to refrain from using competing investment platforms or brokerage services for the duration of their investment with us.
1,The borrower agrees not to seek or accept any financial products or services from any of our identified competitors for the term of this loan agreement.
1,By entering into this agreement you agree to exclusively utilize our financial products and services and refrain from using those of our competitors.
1,We are not liable for indirect losses.
1,We are not liable for consequential damages.
1,Our liability is capped at the account balance.
1,Losses due to market fluctuations are not covered.
1,We are not responsible for unauthorized transactions exceeding 50 dollars.
1,We disclaim liability for third-party actions.
1,Force majeure events exempt us from liability.
1,Liability limited to gross negligence or willful misconduct.
1,We are not liable for errors beyond our reasonable control.
1,Liability capped at the amount of fees paid by you.
1,We are not liable for any losses arising from system outages or errors.
1,The bank is not responsible for unauthorized transactions exceeding one hundred dollars.
1,Our liability is capped at the amount of fees paid by you in the preceding twelve months.
1,We are not accountable for losses due to reliance on information provided on our website.
1,We disclaim responsibility for financial losses caused by third-party actions.
1,The company's liability is limited to direct damages excluding consequential losses.
1,We shall not be held liable for any indirect incidental or punitive damages.
1,Losses due to market fluctuations are not covered under our liability policy.
1,Our responsibility for errors in account statements is limited to correction upon notification.
1,We assume no liability for investment losses including those resulting from our advice.
1,We are not liable for any losses resulting from the unauthorized use of your account even if such use occurs due to our negligence.
1,Our liability for any loss or damage arising from your use of our services is limited to the amount of fees you have paid us in the past twelve months.
1,We shall not be held responsible for any indirect consequential or incidental damages including lost profits even if we have been advised of the possibility of such damages.
1,Any errors or omissions in your account statements must be reported to us within thirty days of the statement date or we will not be liable for any resulting losses.
1,We are not responsible for any losses caused by events beyond our reasonable control such as natural disasters power outages or acts of terrorism.
1,Our liability for any loss or damage arising from unauthorized transactions on your account is limited to the amount of your available balance at the time of the transaction.
1,We are not responsible for any losses caused by your failure to maintain the confidentiality of your account information including your password and PIN.
1,Our liability for any loss or damage arising from your use of our online banking services is limited to the amount of your available balance at the time of the loss.
1,We shall not be liable for any losses resulting from your reliance on any information or advice provided by our employees or agents.
1,We disclaim all liability for any losses caused by the suspension or termination of your account regardless of the reason for such suspension or termination.
1,We reserve the right to change your interest rate at any time.
1,Rewards program subject to change or termination without notice.
1,Benefit structure may be modified at our discretion.
1,We may adjust your credit limit based on internal reviews.
1,Card benefits subject to alteration or discontinuation.
1,Your loyalty tier can be downgraded based on our criteria.
1,Account fees and charges subject to change without prior notice.
1,We can adjust overdraft protection limits at any time.
1,Changes to minimum balance requirements may occur.
1,Certain account perks may be withdrawn or modified.
1,We may modify or terminate account benefits and rewards at any time without notice.
1,The bank reserves the right to alter or cancel rewards programs at its discretion.
1,Benefit structures are subject to change or discontinuation based on market conditions.
1,We may adjust interest rates fees and rewards programs as deemed necessary.
1,The terms of our loyalty program may be revised periodically without prior notification.
1,The bank retains the right to modify or eliminate account perks and benefits.
1,Rewards points and redemption values are subject to change without customer consent.
1,Interest rates and account benefits are subject to unilateral adjustment by the bank.
1,The bank may modify or terminate promotional offers at any time for any reason.
1,Account benefits and services may be altered or discontinued as we see fit.
1,We may at our sole discretion alter or terminate any benefits or rewards associated with your account without prior notice.
1,The bank reserves the right to modify or discontinue any promotional offers interest rates or account features at any time.
1,We can change the terms of your rewards program including point values and redemption options without your consent.
1,The credit card company may adjust cashback percentages or rewards categories with thirty days' notice on its website.
1,Your interest rate on savings accounts is variable and subject to change based on market conditions and our internal policies.
1,The bank reserves the right to alter the criteria for earning bonus interest on your checking account at its discretion.
1,We may introduce new fees or charges for services that were previously free with reasonable notice provided to account holders.
1,Changes to account benefits and features will be communicated through our website or statements and your continued use constitutes acceptance.
1,We can modify the terms of this agreement including any benefits or services at any time by posting the revised agreement online.
1,The bank reserves the right to terminate any account features or benefits if we suspect fraudulent or abusive activity.
1,\"Management's decision regarding disputes is final.\"
1,\"We reserve the right to modify dispute policies at any time.\"
1,\"Dispute resolution procedures are available upon request.\"
1,\"All disputes subject to binding arbitration.\"
1,\"Complaints reviewed internally at our sole discretion.\"
1,\"Dispute outcomes determined on a case-by-case basis.\"
1,\"We handle disputes based on internal guidelines.\"
1,\"Disputes settled in accordance with unwritten policies.\"
1,\"No further explanation will be provided regarding dispute outcomes.\"
1,\"Limited information available about the dispute process.\"
1,All disputes including claims of error must be submitted in writing within ten days of the statement date.
1,We retain sole discretion to determine the validity and resolution of any reported errors or disputes.
1,Our decision regarding any discrepancies or disputes related to your account is final and binding.
1,You waive your right to participate in a class action lawsuit or any other joint legal action against us.
1,Any disputes arising from this agreement will be settled through binding arbitration in accordance with our chosen provider's rules.
1,Disputes will be resolved through confidential arbitration and the results will not be disclosed to any third party.
1,We reserve the right to change the terms of this dispute resolution clause at any time without prior notice.
1,You agree to indemnify us from any costs or expenses incurred in resolving disputes related to your account.
1,Any legal actions against us must be filed in the jurisdiction of our choosing regardless of your location.
1,The arbitrator's decision is final and binding with no option for appeal or judicial review.
1,All customer complaints shall be handled by an internal review board whose decisions are final and binding on all parties.
1,Disputes arising from this agreement will be settled through binding arbitration administered by a provider of our choosing.
1,The Bank reserves the right to debit your account for any disputed charges pending the outcome of an internal investigation.
1,In case of discrepancies our internal records will take precedence over any customer-provided documentation.
1,You agree to waive your right to participate in any class action lawsuit against the financial institution.
1,Any disputes arising from this agreement shall be governed by the laws of the state of Delaware regardless of your location.
1,We may at our sole discretion elect to settle any dispute through mediation with a mediator appointed by us.
1,The Bank's liability for any errors or omissions in your account is limited to the amount of the disputed transaction.
1,You agree not to disclose the existence or details of any dispute to any third party without our prior written consent.
1,We are not liable for any consequential damages arising from disputes including but not limited to lost profits or business opportunities.
